{"ingredients":[{"title":"Ham","best-before":"2018-10-20","use-by":"2018-10-25"},{"title":"Cheese","best-before":"2018-10-20","use-by":"2018-10-25"},{"title":"Bread","best-before":"2018-10-20","use-by":"2018-10-25"},{"title":"Butter","best-before":"2018-10-20","use-by":"2018-10-25"},{"title":"Bacon","best-before":"2018-10-15","use-by":"2018-10-20"},{"title":"Eggs","best-before":"2018-10-15","use-by":"2018-10-20"},{"title":"Mushrooms","best-before":"2018-10-05","use-by":"2018-10-08"},{"title":"Sausage","best-before":"2018-10-15","use-by":"2018-10-20"},{"title":"Hotdog Bun","best-before":"2018-10-05","use-by":"2018-10-20"},{"title":"Ketchup","best-before":"2018-10-20","use-by":"2018-10-25"},{"title":"Mustard","best-before":"2018-10-20","use-by":"2018-10-25"},{"title":"Lettuce","best-before":"2018-10-15","use-by":"2018-10-20"},{"title":"Tomato","best-before":"2018-10-15","use-by":"2018-10-20"},{"title":"Cucumber","best-before":"2018-10-15","use-by":"2018-10-20"},{"title":"Beetroot","best-before":"2018-10-15","use-by":"2018-10-20"},{"title":"Salad Dressing","best-before":"2018-10-05","use-by":"2018-10-08"}]}
